Container ID,Well,filePath,StrainID,Colony ID,Ara,aTc,IPTG,BioReplicate,TechReplicate,Flow Device,Lab,ExtractionOD,Harvest Fluorescence,Plate Device
ct1asch3m4g5va,A1,sd2e-community/ingest/Q0/sd2.transcriptic.upload/Rule30/Run 03/01 SD2 Rule 30 Flow Branch (r1asch3jry8ej)/Flow/SD30_10132017(1)_SD30_10132017_Rule30Plate_A1.fcs,pAN1201,colony3-1,0mM_Larabinose,0ng/mL_aTc,0mM_IPTG,3,1,wl1-attune1,Transcriptic,0.584752877,15427.29078,wc4-infinite1
ct1asch3m4g5va,A2,sd2e-community/ingest/Q0/sd2.transcriptic.upload/Rule30/Run 03/01 SD2 Rule 30 Flow Branch (r1asch3jry8ej)/Flow/SD30_10132017(1)_SD30_10132017_Rule30Plate_A2.fcs,pAN1201,colony3-2,0mM_Larabinose,0ng/mL_aTc,0mM_IPTG,3,1,wl1-attune1,Transcriptic,0.429751816,10849.04219,wc4-infinite1
ct1asch3m4g5va,A3,sd2e-community/ingest/Q0/sd2.transcriptic.upload/Rule30/Run 03/01 SD2 Rule 30 Flow Branch (r1asch3jry8ej)/Flow/SD30_10132017(1)_SD30_10132017_Rule30Plate_A3.fcs,pAN1201,colony3-3,0mM_Larabinose,0ng/mL_aTc,0mM_IPTG,3,1,wl1-attune1,Transcriptic,0.568881811,13821.34152,wc4-infinite1
ct1asch3m4g5va,A4,sd2e-community/ingest/Q0/sd2.transcriptic.upload/Rule30/Run 03/01 SD2 Rule 30 Flow Branch (r1asch3jry8ej)/Flow/SD30_10132017(1)_SD30_10132017_Rule30Plate_A4.fcs,pAN3928+pAN4036,colony3-4,0mM_Larabinose,0ng/mL_aTc,0mM_IPTG,3,1,wl1-attune1,Transcriptic,0.531454579,12929.44943,wc4-infinite1
ct1asch3m4g5va,A5,sd2e-community/ingest/Q0/sd2.transcriptic.upload/Rule30/Run 03/01 SD2 Rule 30 Flow Branch (r1asch3jry8ej)/Flow/SD30_10132017(1)_SD30_10132017_Rule30Plate_A5.fcs,pAN3928+pAN4036,colony3-5,0mM_Larabinose,0ng/mL_aTc,0mM_IPTG,3,1,wl1-attune1,Transcriptic,0.406173172,10036.39784,wc4-infinite1
ct1asch3m4g5va,A6,sd2e-community/ingest/Q0/sd2.transcriptic.upload/Rule30/Run 03/01 SD2 Rule 30 Flow Branch (r1asch3jry8ej)/Flow/SD30_10132017(1)_SD30_10132017_Rule30Plate_A6.fcs,pAN3928+pAN4036,colony3-6,0mM_Larabinose,0ng/mL_aTc,0mM_IPTG,3,1,wl1-attune1,Transcriptic,0.401935406,10011.22368,wc4-infinite1
ct1asch3m4g5va,A7,sd2e-community/ingest/Q0/sd2.transcriptic.upload/Rule30/Run 03/01 SD2 Rule 30 Flow Branch (r1asch3jry8ej)/Flow/SD30_10132017(1)_SD30_10132017_Rule30Plate_A7.fcs,pAN3928+pAN4036,colony3-7,0mM_Larabinose,0ng/mL_aTc,0mM_IPTG,3,1,wl1-attune1,Transcriptic,0.392944114,9942.161408,wc4-infinite1
ct1asch3m4g5va,A8,sd2e-community/ingest/Q0/sd2.transcriptic.upload/Rule30/Run 03/01 SD2 Rule 30 Flow Branch (r1asch3jry8ej)/Flow/SD30_10132017(1)_SD30_10132017_Rule30Plate_A8.fcs,pAN3928+pAN4036,colony3-8,0mM_Larabinose,0ng/mL_aTc,0mM_IPTG,3,1,wl1-attune1,Transcriptic,0.401392282,10215.30285,wc4-infinite1
ct1asch3m4g5va,A9,sd2e-community/ingest/Q0/sd2.transcriptic.upload/Rule30/Run 03/01 SD2 Rule 30 Flow Branch (r1asch3jry8ej)/Flow/SD30_10132017(1)_SD30_10132017_Rule30Plate_A9.fcs,pAN1717,colony3-9,0mM_Larabinose,0ng/mL_aTc,0mM_IPTG,3,1,wl1-attune1,Transcriptic,0.414255777,26921.84548,wc4-infinite1
ct1asch3m4g5va,A10,sd2e-community/ingest/Q0/sd2.transcriptic.upload/Rule30/Run 03/01 SD2 Rule 30 Flow Branch (r1asch3jry8ej)/Flow/SD30_10132017(1)_SD30_10132017_Rule30Plate_A10.fcs,pAN1717,colony3-10,0mM_Larabinose,0ng/mL_aTc,0mM_IPTG,3,1,wl1-attune1,Transcriptic,0.426403521,29608.77813,wc4-infinite1
ct1asch3m4g5va,A11,sd2e-community/ingest/Q0/sd2.transcriptic.upload/Rule30/Run 03/01 SD2 Rule 30 Flow Branch (r1asch3jry8ej)/Flow/SD30_10132017(1)_SD30_10132017_Rule30Plate_A11.fcs,pAN1717,colony3-11,0mM_Larabinose,0ng/mL_aTc,0mM_IPTG,3,1,wl1-attune1,Transcriptic,0.554019554,33339.30125,wc4-infinite1
ct1asch3m4g5va,B1,sd2e-community/ingest/Q0/sd2.transcriptic.upload/Rule30/Run 03/01 SD2 Rule 30 Flow Branch (r1asch3jry8ej)/Flow/SD30_10132017(1)_SD30_10132017_Rule30Plate_B1.fcs,pAN1201,colony3-1,0mM_Larabinose,0ng/mL_aTc,1mM_IPTG,3,1,wl1-attune1,Transcriptic,0.392403508,10359.78319,wc4-infinite1
ct1asch3m4g5va,B2,sd2e-community/ingest/Q0/sd2.transcriptic.upload/Rule30/Run 03/01 SD2 Rule 30 Flow Branch (r1asch3jry8ej)/Flow/SD30_10132017(1)_SD30_10132017_Rule30Plate_B2.fcs,pAN1201,colony3-2,0mM_Larabinose,0ng/mL_aTc,1mM_IPTG,3,1,wl1-attune1,Transcriptic,0.393945162,9999.978175,wc4-infinite1
ct1asch3m4g5va,B3,sd2e-community/ingest/Q0/sd2.transcriptic.upload/Rule30/Run 03/01 SD2 Rule 30 Flow Branch (r1asch3jry8ej)/Flow/SD30_10132017(1)_SD30_10132017_Rule30Plate_B3.fcs,pAN1201,colony3-3,0mM_Larabinose,0ng/mL_aTc,1mM_IPTG,3,1,wl1-attune1,Transcriptic,0.529024624,12645.48643,wc4-infinite1
ct1asch3m4g5va,B4,sd2e-community/ingest/Q0/sd2.transcriptic.upload/Rule30/Run 03/01 SD2 Rule 30 Flow Branch (r1asch3jry8ej)/Flow/SD30_10132017(1)_SD30_10132017_Rule30Plate_B4.fcs,pAN3928+pAN4036,colony3-4,0mM_Larabinose,0ng/mL_aTc,1mM_IPTG,3,1,wl1-attune1,Transcriptic,0.391205171,39339.8194,wc4-infinite1
ct1asch3m4g5va,B5,sd2e-community/ingest/Q0/sd2.transcriptic.upload/Rule30/Run 03/01 SD2 Rule 30 Flow Branch (r1asch3jry8ej)/Flow/SD30_10132017(1)_SD30_10132017_Rule30Plate_B5.fcs,pAN3928+pAN4036,colony3-5,0mM_Larabinose,0ng/mL_aTc,1mM_IPTG,3,1,wl1-attune1,Transcriptic,0.387158346,38936.65456,wc4-infinite1
ct1asch3m4g5va,B6,sd2e-community/ingest/Q0/sd2.transcriptic.upload/Rule30/Run 03/01 SD2 Rule 30 Flow Branch (r1asch3jry8ej)/Flow/SD30_10132017(1)_SD30_10132017_Rule30Plate_B6.fcs,pAN3928+pAN4036,colony3-6,0mM_Larabinose,0ng/mL_aTc,1mM_IPTG,3,1,wl1-attune1,Transcriptic,0.407996523,42204.95099,wc4-infinite1
ct1asch3m4g5va,B7,sd2e-community/ingest/Q0/sd2.transcriptic.upload/Rule30/Run 03/01 SD2 Rule 30 Flow Branch (r1asch3jry8ej)/Flow/SD30_10132017(1)_SD30_10132017_Rule30Plate_B7.fcs,pAN3928+pAN4036,colony3-7,0mM_Larabinose,0ng/mL_aTc,1mM_IPTG,3,1,wl1-attune1,Transcriptic,0.404222034,41672.4819,wc4-infinite1
ct1asch3m4g5va,B8,sd2e-community/ingest/Q0/sd2.transcriptic.upload/Rule30/Run 03/01 SD2 Rule 30 Flow Branch (r1asch3jry8ej)/Flow/SD30_10132017(1)_SD30_10132017_Rule30Plate_B8.fcs,pAN3928+pAN4036,colony3-8,0mM_Larabinose,0ng/mL_aTc,1mM_IPTG,3,1,wl1-attune1,Transcriptic,0.414916337,43012.80954,wc4-infinite1
ct1asch3m4g5va,B9,sd2e-community/ingest/Q0/sd2.transcriptic.upload/Rule30/Run 03/01 SD2 Rule 30 Flow Branch (r1asch3jry8ej)/Flow/SD30_10132017(1)_SD30_10132017_Rule30Plate_B9.fcs,pAN1717,colony3-9,0mM_Larabinose,0ng/mL_aTc,1mM_IPTG,3,1,wl1-attune1,Transcriptic,0.416228861,27848.75249,wc4-infinite1
ct1asch3m4g5va,B10,sd2e-community/ingest/Q0/sd2.transcriptic.upload/Rule30/Run 03/01 SD2 Rule 30 Flow Branch (r1asch3jry8ej)/Flow/SD30_10132017(1)_SD30_10132017_Rule30Plate_B10.fcs,pAN1717,colony3-10,0mM_Larabinose,0ng/mL_aTc,1mM_IPTG,3,1,wl1-attune1,Transcriptic,0.420692032,29130.04812,wc4-infinite1
ct1asch3m4g5va,B11,sd2e-community/ingest/Q0/sd2.transcriptic.upload/Rule30/Run 03/01 SD2 Rule 30 Flow Branch (r1asch3jry8ej)/Flow/SD30_10132017(1)_SD30_10132017_Rule30Plate_B11.fcs,pAN1717,colony3-11,0mM_Larabinose,0ng/mL_aTc,1mM_IPTG,3,1,wl1-attune1,Transcriptic,0.423139319,29870.48146,wc4-infinite1
ct1asch3m4g5va,C1,sd2e-community/ingest/Q0/sd2.transcriptic.upload/Rule30/Run 03/01 SD2 Rule 30 Flow Branch (r1asch3jry8ej)/Flow/SD30_10132017(1)_SD30_10132017_Rule30Plate_C1.fcs,pAN1201,colony3-1,0mM_Larabinose,2ng/mL_aTc,0mM_IPTG,3,1,wl1-attune1,Transcriptic,0.555641583,16681.49271,wc4-infinite1
ct1asch3m4g5va,C2,sd2e-community/ingest/Q0/sd2.transcriptic.upload/Rule30/Run 03/01 SD2 Rule 30 Flow Branch (r1asch3jry8ej)/Flow/SD30_10132017(1)_SD30_10132017_Rule30Plate_C2.fcs,pAN1201,colony3-2,0mM_Larabinose,2ng/mL_aTc,0mM_IPTG,3,1,wl1-attune1,Transcriptic,0.399976222,10603.19653,wc4-infinite1
ct1asch3m4g5va,C3,sd2e-community/ingest/Q0/sd2.transcriptic.upload/Rule30/Run 03/01 SD2 Rule 30 Flow Branch (r1asch3jry8ej)/Flow/SD30_10132017(1)_SD30_10132017_Rule30Plate_C3.fcs,pAN1201,colony3-3,0mM_Larabinose,2ng/mL_aTc,0mM_IPTG,3,1,wl1-attune1,Transcriptic,0.408416108,10781.10379,wc4-infinite1
ct1asch3m4g5va,C4,sd2e-community/ingest/Q0/sd2.transcriptic.upload/Rule30/Run 03/01 SD2 Rule 30 Flow Branch (r1asch3jry8ej)/Flow/SD30_10132017(1)_SD30_10132017_Rule30Plate_C4.fcs,pAN3928+pAN4036,colony3-4,0mM_Larabinose,2ng/mL_aTc,0mM_IPTG,3,1,wl1-attune1,Transcriptic,0.33209581,33188.71359,wc4-infinite1
ct1asch3m4g5va,C5,sd2e-community/ingest/Q0/sd2.transcriptic.upload/Rule30/Run 03/01 SD2 Rule 30 Flow Branch (r1asch3jry8ej)/Flow/SD30_10132017(1)_SD30_10132017_Rule30Plate_C5.fcs,pAN3928+pAN4036,colony3-5,0mM_Larabinose,2ng/mL_aTc,0mM_IPTG,3,1,wl1-attune1,Transcriptic,0.328442355,32338.39353,wc4-infinite1
ct1asch3m4g5va,C6,sd2e-community/ingest/Q0/sd2.transcriptic.upload/Rule30/Run 03/01 SD2 Rule 30 Flow Branch (r1asch3jry8ej)/Flow/SD30_10132017(1)_SD30_10132017_Rule30Plate_C6.fcs,pAN3928+pAN4036,colony3-6,0mM_Larabinose,2ng/mL_aTc,0mM_IPTG,3,1,wl1-attune1,Transcriptic,0.352823059,36440.15403,wc4-infinite1
ct1asch3m4g5va,C7,sd2e-community/ingest/Q0/sd2.transcriptic.upload/Rule30/Run 03/01 SD2 Rule 30 Flow Branch (r1asch3jry8ej)/Flow/SD30_10132017(1)_SD30_10132017_Rule30Plate_C7.fcs,pAN3928+pAN4036,colony3-7,0mM_Larabinose,2ng/mL_aTc,0mM_IPTG,3,1,wl1-attune1,Transcriptic,0.330148462,33385.304,wc4-infinite1
ct1asch3m4g5va,C8,sd2e-community/ingest/Q0/sd2.transcriptic.upload/Rule30/Run 03/01 SD2 Rule 30 Flow Branch (r1asch3jry8ej)/Flow/SD30_10132017(1)_SD30_10132017_Rule30Plate_C8.fcs,pAN3928+pAN4036,colony3-8,0mM_Larabinose,2ng/mL_aTc,0mM_IPTG,3,1,wl1-attune1,Transcriptic,0.324576602,33341.2918,wc4-infinite1
ct1asch3m4g5va,C9,sd2e-community/ingest/Q0/sd2.transcriptic.upload/Rule30/Run 03/01 SD2 Rule 30 Flow Branch (r1asch3jry8ej)/Flow/SD30_10132017(1)_SD30_10132017_Rule30Plate_C9.fcs,pAN1717,colony3-9,0mM_Larabinose,2ng/mL_aTc,0mM_IPTG,3,1,wl1-attune1,Transcriptic,0.384234258,25307.15671,wc4-infinite1
ct1asch3m4g5va,C10,sd2e-community/ingest/Q0/sd2.transcriptic.upload/Rule30/Run 03/01 SD2 Rule 30 Flow Branch (r1asch3jry8ej)/Flow/SD30_10132017(1)_SD30_10132017_Rule30Plate_C10.fcs,pAN1717,colony3-10,0mM_Larabinose,2ng/mL_aTc,0mM_IPTG,3,1,wl1-attune1,Transcriptic,0.397320834,26775.66302,wc4-infinite1
ct1asch3m4g5va,C11,sd2e-community/ingest/Q0/sd2.transcriptic.upload/Rule30/Run 03/01 SD2 Rule 30 Flow Branch (r1asch3jry8ej)/Flow/SD30_10132017(1)_SD30_10132017_Rule30Plate_C11.fcs,pAN1717,colony3-11,0mM_Larabinose,2ng/mL_aTc,0mM_IPTG,3,1,wl1-attune1,Transcriptic,0.407778622,28494.55178,wc4-infinite1
ct1asch3m4g5va,D1,sd2e-community/ingest/Q0/sd2.transcriptic.upload/Rule30/Run 03/01 SD2 Rule 30 Flow Branch (r1asch3jry8ej)/Flow/SD30_10132017(1)_SD30_10132017_Rule30Plate_D1.fcs,pAN1201,colony3-1,0mM_Larabinose,2ng/mL_aTc,1mM_IPTG,3,1,wl1-attune1,Transcriptic,0.392866019,10746.74287,wc4-infinite1
ct1asch3m4g5va,D2,sd2e-community/ingest/Q0/sd2.transcriptic.upload/Rule30/Run 03/01 SD2 Rule 30 Flow Branch (r1asch3jry8ej)/Flow/SD30_10132017(1)_SD30_10132017_Rule30Plate_D2.fcs,pAN1201,colony3-2,0mM_Larabinose,2ng/mL_aTc,1mM_IPTG,3,1,wl1-attune1,Transcriptic,0.385001661,10136.95049,wc4-infinite1
ct1asch3m4g5va,D3,sd2e-community/ingest/Q0/sd2.transcriptic.upload/Rule30/Run 03/01 SD2 Rule 30 Flow Branch (r1asch3jry8ej)/Flow/SD30_10132017(1)_SD30_10132017_Rule30Plate_D3.fcs,pAN1201,colony3-3,0mM_Larabinose,2ng/mL_aTc,1mM_IPTG,3,1,wl1-attune1,Transcriptic,0.383294815,10173.78044,wc4-infinite1
ct1asch3m4g5va,D4,sd2e-community/ingest/Q0/sd2.transcriptic.upload/Rule30/Run 03/01 SD2 Rule 30 Flow Branch (r1asch3jry8ej)/Flow/SD30_10132017(1)_SD30_10132017_Rule30Plate_D4.fcs,pAN3928+pAN4036,colony3-4,0mM_Larabinose,2ng/mL_aTc,1mM_IPTG,3,1,wl1-attune1,Transcriptic,0.320820239,34262.4844,wc4-infinite1
ct1asch3m4g5va,D5,sd2e-community/ingest/Q0/sd2.transcriptic.upload/Rule30/Run 03/01 SD2 Rule 30 Flow Branch (r1asch3jry8ej)/Flow/SD30_10132017(1)_SD30_10132017_Rule30Plate_D5.fcs,pAN3928+pAN4036,colony3-5,0mM_Larabinose,2ng/mL_aTc,1mM_IPTG,3,1,wl1-attune1,Transcriptic,0.340341377,37196.12662,wc4-infinite1
ct1asch3m4g5va,D6,sd2e-community/ingest/Q0/sd2.transcriptic.upload/Rule30/Run 03/01 SD2 Rule 30 Flow Branch (r1asch3jry8ej)/Flow/SD30_10132017(1)_SD30_10132017_Rule30Plate_D6.fcs,pAN3928+pAN4036,colony3-6,0mM_Larabinose,2ng/mL_aTc,1mM_IPTG,3,1,wl1-attune1,Transcriptic,0.33122491,36284.56096,wc4-infinite1
ct1asch3m4g5va,D7,sd2e-community/ingest/Q0/sd2.transcriptic.upload/Rule30/Run 03/01 SD2 Rule 30 Flow Branch (r1asch3jry8ej)/Flow/SD30_10132017(1)_SD30_10132017_Rule30Plate_D7.fcs,pAN3928+pAN4036,colony3-7,0mM_Larabinose,2ng/mL_aTc,1mM_IPTG,3,1,wl1-attune1,Transcriptic,0.343394694,37756.62317,wc4-infinite1
ct1asch3m4g5va,D8,sd2e-community/ingest/Q0/sd2.transcriptic.upload/Rule30/Run 03/01 SD2 Rule 30 Flow Branch (r1asch3jry8ej)/Flow/SD30_10132017(1)_SD30_10132017_Rule30Plate_D8.fcs,pAN3928+pAN4036,colony3-8,0mM_Larabinose,2ng/mL_aTc,1mM_IPTG,3,1,wl1-attune1,Transcriptic,0.341782594,37185.18581,wc4-infinite1
ct1asch3m4g5va,D9,sd2e-community/ingest/Q0/sd2.transcriptic.upload/Rule30/Run 03/01 SD2 Rule 30 Flow Branch (r1asch3jry8ej)/Flow/SD30_10132017(1)_SD30_10132017_Rule30Plate_D9.fcs,pAN1717,colony3-9,0mM_Larabinose,2ng/mL_aTc,1mM_IPTG,3,1,wl1-attune1,Transcriptic,0.406700546,26315.86321,wc4-infinite1
ct1asch3m4g5va,D10,sd2e-community/ingest/Q0/sd2.transcriptic.upload/Rule30/Run 03/01 SD2 Rule 30 Flow Branch (r1asch3jry8ej)/Flow/SD30_10132017(1)_SD30_10132017_Rule30Plate_D10.fcs,pAN1717,colony3-10,0mM_Larabinose,2ng/mL_aTc,1mM_IPTG,3,1,wl1-attune1,Transcriptic,0.424352544,28992.2635,wc4-infinite1
ct1asch3m4g5va,D11,sd2e-community/ingest/Q0/sd2.transcriptic.upload/Rule30/Run 03/01 SD2 Rule 30 Flow Branch (r1asch3jry8ej)/Flow/SD30_10132017(1)_SD30_10132017_Rule30Plate_D11.fcs,pAN1717,colony3-11,0mM_Larabinose,2ng/mL_aTc,1mM_IPTG,3,1,wl1-attune1,Transcriptic,0.423777006,29327.72021,wc4-infinite1
ct1asch3m4g5va,E1,sd2e-community/ingest/Q0/sd2.transcriptic.upload/Rule30/Run 03/01 SD2 Rule 30 Flow Branch (r1asch3jry8ej)/Flow/SD30_10132017(1)_SD30_10132017_Rule30Plate_E1.fcs,pAN1201,colony3-1,5mM_Larabinose,0ng/mL_aTc,0mM_IPTG,3,1,wl1-attune1,Transcriptic,0.403632685,11007.58249,wc4-infinite1
ct1asch3m4g5va,E2,sd2e-community/ingest/Q0/sd2.transcriptic.upload/Rule30/Run 03/01 SD2 Rule 30 Flow Branch (r1asch3jry8ej)/Flow/SD30_10132017(1)_SD30_10132017_Rule30Plate_E2.fcs,pAN1201,colony3-2,5mM_Larabinose,0ng/mL_aTc,0mM_IPTG,3,1,wl1-attune1,Transcriptic,0.403329474,10777.00384,wc4-infinite1
ct1asch3m4g5va,E3,sd2e-community/ingest/Q0/sd2.transcriptic.upload/Rule30/Run 03/01 SD2 Rule 30 Flow Branch (r1asch3jry8ej)/Flow/SD30_10132017(1)_SD30_10132017_Rule30Plate_E3.fcs,pAN1201,colony3-3,5mM_Larabinose,0ng/mL_aTc,0mM_IPTG,3,1,wl1-attune1,Transcriptic,0.407902458,10710.88783,wc4-infinite1
ct1asch3m4g5va,E4,sd2e-community/ingest/Q0/sd2.transcriptic.upload/Rule30/Run 03/01 SD2 Rule 30 Flow Branch (r1asch3jry8ej)/Flow/SD30_10132017(1)_SD30_10132017_Rule30Plate_E4.fcs,pAN3928+pAN4036,colony3-4,5mM_Larabinose,0ng/mL_aTc,0mM_IPTG,3,1,wl1-attune1,Transcriptic,0.26952196,14710.679,wc4-infinite1
ct1asch3m4g5va,E5,sd2e-community/ingest/Q0/sd2.transcriptic.upload/Rule30/Run 03/01 SD2 Rule 30 Flow Branch (r1asch3jry8ej)/Flow/SD30_10132017(1)_SD30_10132017_Rule30Plate_E5.fcs,pAN3928+pAN4036,colony3-5,5mM_Larabinose,0ng/mL_aTc,0mM_IPTG,3,1,wl1-attune1,Transcriptic,0.24655616,12927.0388,wc4-infinite1
ct1asch3m4g5va,E6,sd2e-community/ingest/Q0/sd2.transcriptic.upload/Rule30/Run 03/01 SD2 Rule 30 Flow Branch (r1asch3jry8ej)/Flow/SD30_10132017(1)_SD30_10132017_Rule30Plate_E6.fcs,pAN3928+pAN4036,colony3-6,5mM_Larabinose,0ng/mL_aTc,0mM_IPTG,3,1,wl1-attune1,Transcriptic,0.240964501,12636.93403,wc4-infinite1
ct1asch3m4g5va,E7,sd2e-community/ingest/Q0/sd2.transcriptic.upload/Rule30/Run 03/01 SD2 Rule 30 Flow Branch (r1asch3jry8ej)/Flow/SD30_10132017(1)_SD30_10132017_Rule30Plate_E7.fcs,pAN3928+pAN4036,colony3-7,5mM_Larabinose,0ng/mL_aTc,0mM_IPTG,3,1,wl1-attune1,Transcriptic,0.235034224,12610.55138,wc4-infinite1
ct1asch3m4g5va,E8,sd2e-community/ingest/Q0/sd2.transcriptic.upload/Rule30/Run 03/01 SD2 Rule 30 Flow Branch (r1asch3jry8ej)/Flow/SD30_10132017(1)_SD30_10132017_Rule30Plate_E8.fcs,pAN3928+pAN4036,colony3-8,5mM_Larabinose,0ng/mL_aTc,0mM_IPTG,3,1,wl1-attune1,Transcriptic,0.265862699,14650.41502,wc4-infinite1
ct1asch3m4g5va,E9,sd2e-community/ingest/Q0/sd2.transcriptic.upload/Rule30/Run 03/01 SD2 Rule 30 Flow Branch (r1asch3jry8ej)/Flow/SD30_10132017(1)_SD30_10132017_Rule30Plate_E9.fcs,pAN1717,colony3-9,5mM_Larabinose,0ng/mL_aTc,0mM_IPTG,3,1,wl1-attune1,Transcriptic,0.387515336,24383.02774,wc4-infinite1
ct1asch3m4g5va,E10,sd2e-community/ingest/Q0/sd2.transcriptic.upload/Rule30/Run 03/01 SD2 Rule 30 Flow Branch (r1asch3jry8ej)/Flow/SD30_10132017(1)_SD30_10132017_Rule30Plate_E10.fcs,pAN1717,colony3-10,5mM_Larabinose,0ng/mL_aTc,0mM_IPTG,3,1,wl1-attune1,Transcriptic,0.427128353,29508.00399,wc4-infinite1
ct1asch3m4g5va,E11,sd2e-community/ingest/Q0/sd2.transcriptic.upload/Rule30/Run 03/01 SD2 Rule 30 Flow Branch (r1asch3jry8ej)/Flow/SD30_10132017(1)_SD30_10132017_Rule30Plate_E11.fcs,pAN1717,colony3-11,5mM_Larabinose,0ng/mL_aTc,0mM_IPTG,3,1,wl1-attune1,Transcriptic,0.391030066,25737.23726,wc4-infinite1
ct1asch3m4g5va,F1,sd2e-community/ingest/Q0/sd2.transcriptic.upload/Rule30/Run 03/01 SD2 Rule 30 Flow Branch (r1asch3jry8ej)/Flow/SD30_10132017(1)_SD30_10132017_Rule30Plate_F1.fcs,pAN1201,colony3-1,5mM_Larabinose,0ng/mL_aTc,1mM_IPTG,3,1,wl1-attune1,Transcriptic,0.399258024,10787.7038,wc4-infinite1
ct1asch3m4g5va,F2,sd2e-community/ingest/Q0/sd2.transcriptic.upload/Rule30/Run 03/01 SD2 Rule 30 Flow Branch (r1asch3jry8ej)/Flow/SD30_10132017(1)_SD30_10132017_Rule30Plate_F2.fcs,pAN1201,colony3-2,5mM_Larabinose,0ng/mL_aTc,1mM_IPTG,3,1,wl1-attune1,Transcriptic,0.375734486,9502.981056,wc4-infinite1
ct1asch3m4g5va,F3,sd2e-community/ingest/Q0/sd2.transcriptic.upload/Rule30/Run 03/01 SD2 Rule 30 Flow Branch (r1asch3jry8ej)/Flow/SD30_10132017(1)_SD30_10132017_Rule30Plate_F3.fcs,pAN1201,colony3-3,5mM_Larabinose,0ng/mL_aTc,1mM_IPTG,3,1,wl1-attune1,Transcriptic,0.388985613,9948.199388,wc4-infinite1
ct1asch3m4g5va,F4,sd2e-community/ingest/Q0/sd2.transcriptic.upload/Rule30/Run 03/01 SD2 Rule 30 Flow Branch (r1asch3jry8ej)/Flow/SD30_10132017(1)_SD30_10132017_Rule30Plate_F4.fcs,pAN3928+pAN4036,colony3-4,5mM_Larabinose,0ng/mL_aTc,1mM_IPTG,3,1,wl1-attune1,Transcriptic,0.387281417,10749.16973,wc4-infinite1
ct1asch3m4g5va,F5,sd2e-community/ingest/Q0/sd2.transcriptic.upload/Rule30/Run 03/01 SD2 Rule 30 Flow Branch (r1asch3jry8ej)/Flow/SD30_10132017(1)_SD30_10132017_Rule30Plate_F5.fcs,pAN3928+pAN4036,colony3-5,5mM_Larabinose,0ng/mL_aTc,1mM_IPTG,3,1,wl1-attune1,Transcriptic,0.391096527,10671.7226,wc4-infinite1
ct1asch3m4g5va,F6,sd2e-community/ingest/Q0/sd2.transcriptic.upload/Rule30/Run 03/01 SD2 Rule 30 Flow Branch (r1asch3jry8ej)/Flow/SD30_10132017(1)_SD30_10132017_Rule30Plate_F6.fcs,pAN3928+pAN4036,colony3-6,5mM_Larabinose,0ng/mL_aTc,1mM_IPTG,3,1,wl1-attune1,Transcriptic,0.375051401,10480.91218,wc4-infinite1
ct1asch3m4g5va,F7,sd2e-community/ingest/Q0/sd2.transcriptic.upload/Rule30/Run 03/01 SD2 Rule 30 Flow Branch (r1asch3jry8ej)/Flow/SD30_10132017(1)_SD30_10132017_Rule30Plate_F7.fcs,pAN3928+pAN4036,colony3-7,5mM_Larabinose,0ng/mL_aTc,1mM_IPTG,3,1,wl1-attune1,Transcriptic,0.371734942,10345.28227,wc4-infinite1
ct1asch3m4g5va,F8,sd2e-community/ingest/Q0/sd2.transcriptic.upload/Rule30/Run 03/01 SD2 Rule 30 Flow Branch (r1asch3jry8ej)/Flow/SD30_10132017(1)_SD30_10132017_Rule30Plate_F8.fcs,pAN3928+pAN4036,colony3-8,5mM_Larabinose,0ng/mL_aTc,1mM_IPTG,3,1,wl1-attune1,Transcriptic,0.369231722,10024.82208,wc4-infinite1
ct1asch3m4g5va,F9,sd2e-community/ingest/Q0/sd2.transcriptic.upload/Rule30/Run 03/01 SD2 Rule 30 Flow Branch (r1asch3jry8ej)/Flow/SD30_10132017(1)_SD30_10132017_Rule30Plate_F9.fcs,pAN1717,colony3-9,5mM_Larabinose,0ng/mL_aTc,1mM_IPTG,3,1,wl1-attune1,Transcriptic,0.389111229,24435.8743,wc4-infinite1
ct1asch3m4g5va,F10,sd2e-community/ingest/Q0/sd2.transcriptic.upload/Rule30/Run 03/01 SD2 Rule 30 Flow Branch (r1asch3jry8ej)/Flow/SD30_10132017(1)_SD30_10132017_Rule30Plate_F10.fcs,pAN1717,colony3-10,5mM_Larabinose,0ng/mL_aTc,1mM_IPTG,3,1,wl1-attune1,Transcriptic,0.40670953,27137.89052,wc4-infinite1
ct1asch3m4g5va,F11,sd2e-community/ingest/Q0/sd2.transcriptic.upload/Rule30/Run 03/01 SD2 Rule 30 Flow Branch (r1asch3jry8ej)/Flow/SD30_10132017(1)_SD30_10132017_Rule30Plate_F11.fcs,pAN1717,colony3-11,5mM_Larabinose,0ng/mL_aTc,1mM_IPTG,3,1,wl1-attune1,Transcriptic,0.393125614,25642.97503,wc4-infinite1
ct1asch3m4g5va,G1,sd2e-community/ingest/Q0/sd2.transcriptic.upload/Rule30/Run 03/01 SD2 Rule 30 Flow Branch (r1asch3jry8ej)/Flow/SD30_10132017(1)_SD30_10132017_Rule30Plate_G1.fcs,pAN1201,colony3-1,5mM_Larabinose,2ng/mL_aTc,0mM_IPTG,3,1,wl1-attune1,Transcriptic,0.394982515,10705.03246,wc4-infinite1
ct1asch3m4g5va,G2,sd2e-community/ingest/Q0/sd2.transcriptic.upload/Rule30/Run 03/01 SD2 Rule 30 Flow Branch (r1asch3jry8ej)/Flow/SD30_10132017(1)_SD30_10132017_Rule30Plate_G2.fcs,pAN1201,colony3-2,5mM_Larabinose,2ng/mL_aTc,0mM_IPTG,3,1,wl1-attune1,Transcriptic,0.384738269,9966.301016,wc4-infinite1
ct1asch3m4g5va,G3,sd2e-community/ingest/Q0/sd2.transcriptic.upload/Rule30/Run 03/01 SD2 Rule 30 Flow Branch (r1asch3jry8ej)/Flow/SD30_10132017(1)_SD30_10132017_Rule30Plate_G3.fcs,pAN1201,colony3-3,5mM_Larabinose,2ng/mL_aTc,0mM_IPTG,3,1,wl1-attune1,Transcriptic,0.395516723,10492.20935,wc4-infinite1
ct1asch3m4g5va,G4,sd2e-community/ingest/Q0/sd2.transcriptic.upload/Rule30/Run 03/01 SD2 Rule 30 Flow Branch (r1asch3jry8ej)/Flow/SD30_10132017(1)_SD30_10132017_Rule30Plate_G4.fcs,pAN3928+pAN4036,colony3-4,5mM_Larabinose,2ng/mL_aTc,0mM_IPTG,3,1,wl1-attune1,Transcriptic,0.275222956,6891.959683,wc4-infinite1
ct1asch3m4g5va,G5,sd2e-community/ingest/Q0/sd2.transcriptic.upload/Rule30/Run 03/01 SD2 Rule 30 Flow Branch (r1asch3jry8ej)/Flow/SD30_10132017(1)_SD30_10132017_Rule30Plate_G5.fcs,pAN3928+pAN4036,colony3-5,5mM_Larabinose,2ng/mL_aTc,0mM_IPTG,3,1,wl1-attune1,Transcriptic,0.291838833,7465.443488,wc4-infinite1
ct1asch3m4g5va,G6,sd2e-community/ingest/Q0/sd2.transcriptic.upload/Rule30/Run 03/01 SD2 Rule 30 Flow Branch (r1asch3jry8ej)/Flow/SD30_10132017(1)_SD30_10132017_Rule30Plate_G6.fcs,pAN3928+pAN4036,colony3-6,5mM_Larabinose,2ng/mL_aTc,0mM_IPTG,3,1,wl1-attune1,Transcriptic,0.295013437,7567.302718,wc4-infinite1
ct1asch3m4g5va,G7,sd2e-community/ingest/Q0/sd2.transcriptic.upload/Rule30/Run 03/01 SD2 Rule 30 Flow Branch (r1asch3jry8ej)/Flow/SD30_10132017(1)_SD30_10132017_Rule30Plate_G7.fcs,pAN3928+pAN4036,colony3-7,5mM_Larabinose,2ng/mL_aTc,0mM_IPTG,3,1,wl1-attune1,Transcriptic,0.243705622,5903.447706,wc4-infinite1
ct1asch3m4g5va,G8,sd2e-community/ingest/Q0/sd2.transcriptic.upload/Rule30/Run 03/01 SD2 Rule 30 Flow Branch (r1asch3jry8ej)/Flow/SD30_10132017(1)_SD30_10132017_Rule30Plate_G8.fcs,pAN3928+pAN4036,colony3-8,5mM_Larabinose,2ng/mL_aTc,0mM_IPTG,3,1,wl1-attune1,Transcriptic,0.281958641,7066.846467,wc4-infinite1
ct1asch3m4g5va,G9,sd2e-community/ingest/Q0/sd2.transcriptic.upload/Rule30/Run 03/01 SD2 Rule 30 Flow Branch (r1asch3jry8ej)/Flow/SD30_10132017(1)_SD30_10132017_Rule30Plate_G9.fcs,pAN1717,colony3-9,5mM_Larabinose,2ng/mL_aTc,0mM_IPTG,3,1,wl1-attune1,Transcriptic,0.389003444,24290.43085,wc4-infinite1
ct1asch3m4g5va,G10,sd2e-community/ingest/Q0/sd2.transcriptic.upload/Rule30/Run 03/01 SD2 Rule 30 Flow Branch (r1asch3jry8ej)/Flow/SD30_10132017(1)_SD30_10132017_Rule30Plate_G10.fcs,pAN1717,colony3-10,5mM_Larabinose,2ng/mL_aTc,0mM_IPTG,3,1,wl1-attune1,Transcriptic,0.392170173,25569.83766,wc4-infinite1
ct1asch3m4g5va,G11,sd2e-community/ingest/Q0/sd2.transcriptic.upload/Rule30/Run 03/01 SD2 Rule 30 Flow Branch (r1asch3jry8ej)/Flow/SD30_10132017(1)_SD30_10132017_Rule30Plate_G11.fcs,pAN1717,colony3-11,5mM_Larabinose,2ng/mL_aTc,0mM_IPTG,3,1,wl1-attune1,Transcriptic,0.397585213,26179.95851,wc4-infinite1
ct1asch3m4g5va,H1,sd2e-community/ingest/Q0/sd2.transcriptic.upload/Rule30/Run 03/01 SD2 Rule 30 Flow Branch (r1asch3jry8ej)/Flow/SD30_10132017(1)_SD30_10132017_Rule30Plate_H1.fcs,pAN1201,colony3-1,5mM_Larabinose,2ng/mL_aTc,1mM_IPTG,3,1,wl1-attune1,Transcriptic,0.373068607,10050.55588,wc4-infinite1
ct1asch3m4g5va,H2,sd2e-community/ingest/Q0/sd2.transcriptic.upload/Rule30/Run 03/01 SD2 Rule 30 Flow Branch (r1asch3jry8ej)/Flow/SD30_10132017(1)_SD30_10132017_Rule30Plate_H2.fcs,pAN1201,colony3-2,5mM_Larabinose,2ng/mL_aTc,1mM_IPTG,3,1,wl1-attune1,Transcriptic,0.38966877,10102.94167,wc4-infinite1
ct1asch3m4g5va,H3,sd2e-community/ingest/Q0/sd2.transcriptic.upload/Rule30/Run 03/01 SD2 Rule 30 Flow Branch (r1asch3jry8ej)/Flow/SD30_10132017(1)_SD30_10132017_Rule30Plate_H3.fcs,pAN1201,colony3-3,5mM_Larabinose,2ng/mL_aTc,1mM_IPTG,3,1,wl1-attune1,Transcriptic,0.546891284,16151.45542,wc4-infinite1
ct1asch3m4g5va,H4,sd2e-community/ingest/Q0/sd2.transcriptic.upload/Rule30/Run 03/01 SD2 Rule 30 Flow Branch (r1asch3jry8ej)/Flow/SD30_10132017(1)_SD30_10132017_Rule30Plate_H4.fcs,pAN3928+pAN4036,colony3-4,5mM_Larabinose,2ng/mL_aTc,1mM_IPTG,3,1,wl1-attune1,Transcriptic,0.247026104,7027.691772,wc4-infinite1
ct1asch3m4g5va,H5,sd2e-community/ingest/Q0/sd2.transcriptic.upload/Rule30/Run 03/01 SD2 Rule 30 Flow Branch (r1asch3jry8ej)/Flow/SD30_10132017(1)_SD30_10132017_Rule30Plate_H5.fcs,pAN3928+pAN4036,colony3-5,5mM_Larabinose,2ng/mL_aTc,1mM_IPTG,3,1,wl1-attune1,Transcriptic,0.258125123,7173.568493,wc4-infinite1
ct1asch3m4g5va,H6,sd2e-community/ingest/Q0/sd2.transcriptic.upload/Rule30/Run 03/01 SD2 Rule 30 Flow Branch (r1asch3jry8ej)/Flow/SD30_10132017(1)_SD30_10132017_Rule30Plate_H6.fcs,pAN3928+pAN4036,colony3-6,5mM_Larabinose,2ng/mL_aTc,1mM_IPTG,3,1,wl1-attune1,Transcriptic,0.270838913,7774.386287,wc4-infinite1
ct1asch3m4g5va,H7,sd2e-community/ingest/Q0/sd2.transcriptic.upload/Rule30/Run 03/01 SD2 Rule 30 Flow Branch (r1asch3jry8ej)/Flow/SD30_10132017(1)_SD30_10132017_Rule30Plate_H7.fcs,pAN3928+pAN4036,colony3-7,5mM_Larabinose,2ng/mL_aTc,1mM_IPTG,3,1,wl1-attune1,Transcriptic,0.223187319,5986.42845,wc4-infinite1
ct1asch3m4g5va,H8,sd2e-community/ingest/Q0/sd2.transcriptic.upload/Rule30/Run 03/01 SD2 Rule 30 Flow Branch (r1asch3jry8ej)/Flow/SD30_10132017(1)_SD30_10132017_Rule30Plate_H8.fcs,pAN3928+pAN4036,colony3-8,5mM_Larabinose,2ng/mL_aTc,1mM_IPTG,3,1,wl1-attune1,Transcriptic,0.225284096,5972.810142,wc4-infinite1
ct1asch3m4g5va,H9,sd2e-community/ingest/Q0/sd2.transcriptic.upload/Rule30/Run 03/01 SD2 Rule 30 Flow Branch (r1asch3jry8ej)/Flow/SD30_10132017(1)_SD30_10132017_Rule30Plate_H9.fcs,pAN1717,colony3-9,5mM_Larabinose,2ng/mL_aTc,1mM_IPTG,3,1,wl1-attune1,Transcriptic,0.685806276,30290.76406,wc4-infinite1
ct1asch3m4g5va,H10,sd2e-community/ingest/Q0/sd2.transcriptic.upload/Rule30/Run 03/01 SD2 Rule 30 Flow Branch (r1asch3jry8ej)/Flow/SD30_10132017(1)_SD30_10132017_Rule30Plate_H10.fcs,pAN1717,colony3-10,5mM_Larabinose,2ng/mL_aTc,1mM_IPTG,3,1,wl1-attune1,Transcriptic,0.389303106,25701.0685,wc4-infinite1
ct1asch3m4g5va,H11,sd2e-community/ingest/Q0/sd2.transcriptic.upload/Rule30/Run 03/01 SD2 Rule 30 Flow Branch (r1asch3jry8ej)/Flow/SD30_10132017(1)_SD30_10132017_Rule30Plate_H11.fcs,pAN1717,colony3-11,5mM_Larabinose,2ng/mL_aTc,1mM_IPTG,3,1,wl1-attune1,Transcriptic,0.396117679,26519.01294,wc4-infinite1
ct1asch3m4g5va,A12,sd2e-community/ingest/Q0/sd2.transcriptic.upload/Rule30/Run 03/01 SD2 Rule 30 Flow Branch (r1asch3jry8ej)/Flow/SD30_10132017(1)_SD30_10132017_Rule30Plate_A12.fcs,Beads,null,null,null,null,3,1,wl1-attune2,Transcriptic,null,null,null
ct1asch3m4g5va,B12,sd2e-community/ingest/Q0/sd2.transcriptic.upload/Rule30/Run 03/01 SD2 Rule 30 Flow Branch (r1asch3jry8ej)/Flow/SD30_10132017(1)_SD30_10132017_Rule30Plate_B12.fcs,Beads,null,null,null,null,3,1,wl1-attune3,Transcriptic,null,null,null
ct1asch3m4g5va,C12,sd2e-community/ingest/Q0/sd2.transcriptic.upload/Rule30/Run 03/01 SD2 Rule 30 Flow Branch (r1asch3jry8ej)/Flow/SD30_10132017(1)_SD30_10132017_Rule30Plate_C12.fcs,Beads,null,null,null,null,3,1,wl1-attune4,Transcriptic,null,null,null
ct1ascgv5waw6m,A1,sd2e-community/ingest/Q0/sd2.transcriptic.upload/Rule30/Run 02/01 SD2 Rule 30 Flow Branch (r1ascgv4jbpff)/Flow/SD30_10132017_SD30_10132017_Rule30Plate_A1.fcs,pAN1201,colony2-1,0mM_Larabinose,0ng/mL_aTc,0mM_IPTG,2,1,wl1-attune1,Transcriptic,0.449347696,11236.60372,wc4-infinite1
ct1ascgv5waw6m,A2,sd2e-community/ingest/Q0/sd2.transcriptic.upload/Rule30/Run 02/01 SD2 Rule 30 Flow Branch (r1ascgv4jbpff)/Flow/SD30_10132017_SD30_10132017_Rule30Plate_A2.fcs,pAN1201,colony2-2,0mM_Larabinose,0ng/mL_aTc,0mM_IPTG,2,1,wl1-attune1,Transcriptic,0.41676167,9793.298323,wc4-infinite1
ct1ascgv5waw6m,A3,sd2e-community/ingest/Q0/sd2.transcriptic.upload/Rule30/Run 02/01 SD2 Rule 30 Flow Branch (r1ascgv4jbpff)/Flow/SD30_10132017_SD30_10132017_Rule30Plate_A3.fcs,pAN1201,colony2-3,0mM_Larabinose,0ng/mL_aTc,0mM_IPTG,2,1,wl1-attune1,Transcriptic,0.429813001,10699.46254,wc4-infinite1
ct1ascgv5waw6m,A4,sd2e-community/ingest/Q0/sd2.transcriptic.upload/Rule30/Run 02/01 SD2 Rule 30 Flow Branch (r1ascgv4jbpff)/Flow/SD30_10132017_SD30_10132017_Rule30Plate_A4.fcs,pAN3928+pAN4036,colony2-4,0mM_Larabinose,0ng/mL_aTc,0mM_IPTG,2,1,wl1-attune1,Transcriptic,0.360774123,9271.27225,wc4-infinite1
ct1ascgv5waw6m,A5,sd2e-community/ingest/Q0/sd2.transcriptic.upload/Rule30/Run 02/01 SD2 Rule 30 Flow Branch (r1ascgv4jbpff)/Flow/SD30_10132017_SD30_10132017_Rule30Plate_A5.fcs,pAN3928+pAN4036,colony2-5,0mM_Larabinose,0ng/mL_aTc,0mM_IPTG,2,1,wl1-attune1,Transcriptic,0.53875092,12326.08101,wc4-infinite1
ct1ascgv5waw6m,A6,sd2e-community/ingest/Q0/sd2.transcriptic.upload/Rule30/Run 02/01 SD2 Rule 30 Flow Branch (r1ascgv4jbpff)/Flow/SD30_10132017_SD30_10132017_Rule30Plate_A6.fcs,pAN3928+pAN4036,colony2-6,0mM_Larabinose,0ng/mL_aTc,0mM_IPTG,2,1,wl1-attune1,Transcriptic,0.380302598,9439.603936,wc4-infinite1
ct1ascgv5waw6m,A7,sd2e-community/ingest/Q0/sd2.transcriptic.upload/Rule30/Run 02/01 SD2 Rule 30 Flow Branch (r1ascgv4jbpff)/Flow/SD30_10132017_SD30_10132017_Rule30Plate_A7.fcs,pAN3928+pAN4036,colony2-7,0mM_Larabinose,0ng/mL_aTc,0mM_IPTG,2,1,wl1-attune1,Transcriptic,0.40694847,10407.68336,wc4-infinite1
ct1ascgv5waw6m,A8,sd2e-community/ingest/Q0/sd2.transcriptic.upload/Rule30/Run 02/01 SD2 Rule 30 Flow Branch (r1ascgv4jbpff)/Flow/SD30_10132017_SD30_10132017_Rule30Plate_A8.fcs,pAN3928+pAN4036,colony2-8,0mM_Larabinose,0ng/mL_aTc,0mM_IPTG,2,1,wl1-attune1,Transcriptic,0.410451473,10502.28198,wc4-infinite1
ct1ascgv5waw6m,A9,sd2e-community/ingest/Q0/sd2.transcriptic.upload/Rule30/Run 02/01 SD2 Rule 30 Flow Branch (r1ascgv4jbpff)/Flow/SD30_10132017_SD30_10132017_Rule30Plate_A9.fcs,pAN1717,colony2-9,0mM_Larabinose,0ng/mL_aTc,0mM_IPTG,2,1,wl1-attune1,Transcriptic,0.431167708,29668.55852,wc4-infinite1
ct1ascgv5waw6m,A10,sd2e-community/ingest/Q0/sd2.transcriptic.upload/Rule30/Run 02/01 SD2 Rule 30 Flow Branch (r1ascgv4jbpff)/Flow/SD30_10132017_SD30_10132017_Rule30Plate_A10.fcs,pAN1717,colony2-10,0mM_Larabinose,0ng/mL_aTc,0mM_IPTG,2,1,wl1-attune1,Transcriptic,0.409541633,26908.98592,wc4-infinite1
ct1ascgv5waw6m,A11,sd2e-community/ingest/Q0/sd2.transcriptic.upload/Rule30/Run 02/01 SD2 Rule 30 Flow Branch (r1ascgv4jbpff)/Flow/SD30_10132017_SD30_10132017_Rule30Plate_A11.fcs,pAN1717,colony2-11,0mM_Larabinose,0ng/mL_aTc,0mM_IPTG,2,1,wl1-attune1,Transcriptic,0.356640019,21483.76707,wc4-infinite1
ct1ascgv5waw6m,B1,sd2e-community/ingest/Q0/sd2.transcriptic.upload/Rule30/Run 02/01 SD2 Rule 30 Flow Branch (r1ascgv4jbpff)/Flow/SD30_10132017_SD30_10132017_Rule30Plate_B1.fcs,pAN1201,colony2-1,0mM_Larabinose,0ng/mL_aTc,1mM_IPTG,2,1,wl1-attune1,Transcriptic,0.547991851,16714.64817,wc4-infinite1
ct1ascgv5waw6m,B2,sd2e-community/ingest/Q0/sd2.transcriptic.upload/Rule30/Run 02/01 SD2 Rule 30 Flow Branch (r1ascgv4jbpff)/Flow/SD30_10132017_SD30_10132017_Rule30Plate_B2.fcs,pAN1201,colony2-2,0mM_Larabinose,0ng/mL_aTc,1mM_IPTG,2,1,wl1-attune1,Transcriptic,0.385005324,9454.762938,wc4-infinite1
ct1ascgv5waw6m,B3,sd2e-community/ingest/Q0/sd2.transcriptic.upload/Rule30/Run 02/01 SD2 Rule 30 Flow Branch (r1ascgv4jbpff)/Flow/SD30_10132017_SD30_10132017_Rule30Plate_B3.fcs,pAN1201,colony2-3,0mM_Larabinose,0ng/mL_aTc,1mM_IPTG,2,1,wl1-attune1,Transcriptic,0.37917389,9289.597194,wc4-infinite1
ct1ascgv5waw6m,B4,sd2e-community/ingest/Q0/sd2.transcriptic.upload/Rule30/Run 02/01 SD2 Rule 30 Flow Branch (r1ascgv4jbpff)/Flow/SD30_10132017_SD30_10132017_Rule30Plate_B4.fcs,pAN3928+pAN4036,colony2-4,0mM_Larabinose,0ng/mL_aTc,1mM_IPTG,2,1,wl1-attune1,Transcriptic,0.374036244,38576.56606,wc4-infinite1
ct1ascgv5waw6m,B5,sd2e-community/ingest/Q0/sd2.transcriptic.upload/Rule30/Run 02/01 SD2 Rule 30 Flow Branch (r1ascgv4jbpff)/Flow/SD30_10132017_SD30_10132017_Rule30Plate_B5.fcs,pAN3928+pAN4036,colony2-5,0mM_Larabinose,0ng/mL_aTc,1mM_IPTG,2,1,wl1-attune1,Transcriptic,0.415854816,44028.59476,wc4-infinite1
ct1ascgv5waw6m,B6,sd2e-community/ingest/Q0/sd2.transcriptic.upload/Rule30/Run 02/01 SD2 Rule 30 Flow Branch (r1ascgv4jbpff)/Flow/SD30_10132017_SD30_10132017_Rule30Plate_B6.fcs,pAN3928+pAN4036,colony2-6,0mM_Larabinose,0ng/mL_aTc,1mM_IPTG,2,1,wl1-attune1,Transcriptic,0.408261946,43720.02391,wc4-infinite1
ct1ascgv5waw6m,B7,sd2e-community/ingest/Q0/sd2.transcriptic.upload/Rule30/Run 02/01 SD2 Rule 30 Flow Branch (r1ascgv4jbpff)/Flow/SD30_10132017_SD30_10132017_Rule30Plate_B7.fcs,pAN3928+pAN4036,colony2-7,0mM_Larabinose,0ng/mL_aTc,1mM_IPTG,2,1,wl1-attune1,Transcriptic,0.388680551,40216.09154,wc4-infinite1
ct1ascgv5waw6m,B8,sd2e-community/ingest/Q0/sd2.transcriptic.upload/Rule30/Run 02/01 SD2 Rule 30 Flow Branch (r1ascgv4jbpff)/Flow/SD30_10132017_SD30_10132017_Rule30Plate_B8.fcs,pAN3928+pAN4036,colony2-8,0mM_Larabinose,0ng/mL_aTc,1mM_IPTG,2,1,wl1-attune1,Transcriptic,0.414114562,44371.96021,wc4-infinite1
ct1ascgv5waw6m,B9,sd2e-community/ingest/Q0/sd2.transcriptic.upload/Rule30/Run 02/01 SD2 Rule 30 Flow Branch (r1ascgv4jbpff)/Flow/SD30_10132017_SD30_10132017_Rule30Plate_B9.fcs,pAN1717,colony2-9,0mM_Larabinose,0ng/mL_aTc,1mM_IPTG,2,1,wl1-attune1,Transcriptic,0.426388545,28074.65987,wc4-infinite1
ct1ascgv5waw6m,B10,sd2e-community/ingest/Q0/sd2.transcriptic.upload/Rule30/Run 02/01 SD2 Rule 30 Flow Branch (r1ascgv4jbpff)/Flow/SD30_10132017_SD30_10132017_Rule30Plate_B10.fcs,pAN1717,colony2-10,0mM_Larabinose,0ng/mL_aTc,1mM_IPTG,2,1,wl1-attune1,Transcriptic,0.431386299,29124.20055,wc4-infinite1
ct1ascgv5waw6m,B11,sd2e-community/ingest/Q0/sd2.transcriptic.upload/Rule30/Run 02/01 SD2 Rule 30 Flow Branch (r1ascgv4jbpff)/Flow/SD30_10132017_SD30_10132017_Rule30Plate_B11.fcs,pAN1717,colony2-11,0mM_Larabinose,0ng/mL_aTc,1mM_IPTG,2,1,wl1-attune1,Transcriptic,0.358546912,21711.65521,wc4-infinite1
ct1ascgv5waw6m,C1,sd2e-community/ingest/Q0/sd2.transcriptic.upload/Rule30/Run 02/01 SD2 Rule 30 Flow Branch (r1ascgv4jbpff)/Flow/SD30_10132017_SD30_10132017_Rule30Plate_C1.fcs,pAN1201,colony2-1,0mM_Larabinose,2ng/mL_aTc,0mM_IPTG,2,1,wl1-attune1,Transcriptic,0.426894508,11394.51327,wc4-infinite1
ct1ascgv5waw6m,C2,sd2e-community/ingest/Q0/sd2.transcriptic.upload/Rule30/Run 02/01 SD2 Rule 30 Flow Branch (r1ascgv4jbpff)/Flow/SD30_10132017_SD30_10132017_Rule30Plate_C2.fcs,pAN1201,colony2-2,0mM_Larabinose,2ng/mL_aTc,0mM_IPTG,2,1,wl1-attune1,Transcriptic,0.406592176,10335.30822,wc4-infinite1
ct1ascgv5waw6m,C3,sd2e-community/ingest/Q0/sd2.transcriptic.upload/Rule30/Run 02/01 SD2 Rule 30 Flow Branch (r1ascgv4jbpff)/Flow/SD30_10132017_SD30_10132017_Rule30Plate_C3.fcs,pAN1201,colony2-3,0mM_Larabinose,2ng/mL_aTc,0mM_IPTG,2,1,wl1-attune1,Transcriptic,0.415295878,10509.90245,wc4-infinite1
ct1ascgv5waw6m,C4,sd2e-community/ingest/Q0/sd2.transcriptic.upload/Rule30/Run 02/01 SD2 Rule 30 Flow Branch (r1ascgv4jbpff)/Flow/SD30_10132017_SD30_10132017_Rule30Plate_C4.fcs,pAN3928+pAN4036,colony2-4,0mM_Larabinose,2ng/mL_aTc,0mM_IPTG,2,1,wl1-attune1,Transcriptic,0.319501202,32434.99674,wc4-infinite1
ct1ascgv5waw6m,C5,sd2e-community/ingest/Q0/sd2.transcriptic.upload/Rule30/Run 02/01 SD2 Rule 30 Flow Branch (r1ascgv4jbpff)/Flow/SD30_10132017_SD30_10132017_Rule30Plate_C5.fcs,pAN3928+pAN4036,colony2-5,0mM_Larabinose,2ng/mL_aTc,0mM_IPTG,2,1,wl1-attune1,Transcriptic,0.323987324,32988.43914,wc4-infinite1
ct1ascgv5waw6m,C6,sd2e-community/ingest/Q0/sd2.transcriptic.upload/Rule30/Run 02/01 SD2 Rule 30 Flow Branch (r1ascgv4jbpff)/Flow/SD30_10132017_SD30_10132017_Rule30Plate_C6.fcs,pAN3928+pAN4036,colony2-6,0mM_Larabinose,2ng/mL_aTc,0mM_IPTG,2,1,wl1-attune1,Transcriptic,0.337857495,34891.91267,wc4-infinite1
ct1ascgv5waw6m,C7,sd2e-community/ingest/Q0/sd2.transcriptic.upload/Rule30/Run 02/01 SD2 Rule 30 Flow Branch (r1ascgv4jbpff)/Flow/SD30_10132017_SD30_10132017_Rule30Plate_C7.fcs,pAN3928+pAN4036,colony2-7,0mM_Larabinose,2ng/mL_aTc,0mM_IPTG,2,1,wl1-attune1,Transcriptic,0.34128293,35880.6379,wc4-infinite1
ct1ascgv5waw6m,C8,sd2e-community/ingest/Q0/sd2.transcriptic.upload/Rule30/Run 02/01 SD2 Rule 30 Flow Branch (r1ascgv4jbpff)/Flow/SD30_10132017_SD30_10132017_Rule30Plate_C8.fcs,pAN3928+pAN4036,colony2-8,0mM_Larabinose,2ng/mL_aTc,0mM_IPTG,2,1,wl1-attune1,Transcriptic,0.334426318,35034.44902,wc4-infinite1
ct1ascgv5waw6m,C9,sd2e-community/ingest/Q0/sd2.transcriptic.upload/Rule30/Run 02/01 SD2 Rule 30 Flow Branch (r1ascgv4jbpff)/Flow/SD30_10132017_SD30_10132017_Rule30Plate_C9.fcs,pAN1717,colony2-9,0mM_Larabinose,2ng/mL_aTc,0mM_IPTG,2,1,wl1-attune1,Transcriptic,0.433761499,28383.98975,wc4-infinite1
ct1ascgv5waw6m,C10,sd2e-community/ingest/Q0/sd2.transcriptic.upload/Rule30/Run 02/01 SD2 Rule 30 Flow Branch (r1ascgv4jbpff)/Flow/SD30_10132017_SD30_10132017_Rule30Plate_C10.fcs,pAN1717,colony2-10,0mM_Larabinose,2ng/mL_aTc,0mM_IPTG,2,1,wl1-attune1,Transcriptic,0.433585262,28015.67483,wc4-infinite1
ct1ascgv5waw6m,C11,sd2e-community/ingest/Q0/sd2.transcriptic.upload/Rule30/Run 02/01 SD2 Rule 30 Flow Branch (r1ascgv4jbpff)/Flow/SD30_10132017_SD30_10132017_Rule30Plate_C11.fcs,pAN1717,colony2-11,0mM_Larabinose,2ng/mL_aTc,0mM_IPTG,2,1,wl1-attune1,Transcriptic,0.383097762,23494.35168,wc4-infinite1
ct1ascgv5waw6m,D1,sd2e-community/ingest/Q0/sd2.transcriptic.upload/Rule30/Run 02/01 SD2 Rule 30 Flow Branch (r1ascgv4jbpff)/Flow/SD30_10132017_SD30_10132017_Rule30Plate_D1.fcs,pAN1201,colony2-1,0mM_Larabinose,2ng/mL_aTc,1mM_IPTG,2,1,wl1-attune1,Transcriptic,0.422968063,11080.50765,wc4-infinite1
ct1ascgv5waw6m,D2,sd2e-community/ingest/Q0/sd2.transcriptic.upload/Rule30/Run 02/01 SD2 Rule 30 Flow Branch (r1ascgv4jbpff)/Flow/SD30_10132017_SD30_10132017_Rule30Plate_D2.fcs,pAN1201,colony2-2,0mM_Larabinose,2ng/mL_aTc,1mM_IPTG,2,1,wl1-attune1,Transcriptic,0.609721994,13141.52969,wc4-infinite1
ct1ascgv5waw6m,D3,sd2e-community/ingest/Q0/sd2.transcriptic.upload/Rule30/Run 02/01 SD2 Rule 30 Flow Branch (r1ascgv4jbpff)/Flow/SD30_10132017_SD30_10132017_Rule30Plate_D3.fcs,pAN1201,colony2-3,0mM_Larabinose,2ng/mL_aTc,1mM_IPTG,2,1,wl1-attune1,Transcriptic,0.415391976,10315.62106,wc4-infinite1
ct1ascgv5waw6m,D4,sd2e-community/ingest/Q0/sd2.transcriptic.upload/Rule30/Run 02/01 SD2 Rule 30 Flow Branch (r1ascgv4jbpff)/Flow/SD30_10132017_SD30_10132017_Rule30Plate_D4.fcs,pAN3928+pAN4036,colony2-4,0mM_Larabinose,2ng/mL_aTc,1mM_IPTG,2,1,wl1-attune1,Transcriptic,0.288500305,28251.50654,wc4-infinite1
ct1ascgv5waw6m,D5,sd2e-community/ingest/Q0/sd2.transcriptic.upload/Rule30/Run 02/01 SD2 Rule 30 Flow Branch (r1ascgv4jbpff)/Flow/SD30_10132017_SD30_10132017_Rule30Plate_D5.fcs,pAN3928+pAN4036,colony2-5,0mM_Larabinose,2ng/mL_aTc,1mM_IPTG,2,1,wl1-attune1,Transcriptic,0.304659308,31130.92448,wc4-infinite1
ct1ascgv5waw6m,D6,sd2e-community/ingest/Q0/sd2.transcriptic.upload/Rule30/Run 02/01 SD2 Rule 30 Flow Branch (r1ascgv4jbpff)/Flow/SD30_10132017_SD30_10132017_Rule30Plate_D6.fcs,pAN3928+pAN4036,colony2-6,0mM_Larabinose,2ng/mL_aTc,1mM_IPTG,2,1,wl1-attune1,Transcriptic,0.307434241,32466.82834,wc4-infinite1
ct1ascgv5waw6m,D7,sd2e-community/ingest/Q0/sd2.transcriptic.upload/Rule30/Run 02/01 SD2 Rule 30 Flow Branch (r1ascgv4jbpff)/Flow/SD30_10132017_SD30_10132017_Rule30Plate_D7.fcs,pAN3928+pAN4036,colony2-7,0mM_Larabinose,2ng/mL_aTc,1mM_IPTG,2,1,wl1-attune1,Transcriptic,0.318677516,33530.73423,wc4-infinite1
ct1ascgv5waw6m,D8,sd2e-community/ingest/Q0/sd2.transcriptic.upload/Rule30/Run 02/01 SD2 Rule 30 Flow Branch (r1ascgv4jbpff)/Flow/SD30_10132017_SD30_10132017_Rule30Plate_D8.fcs,pAN3928+pAN4036,colony2-8,0mM_Larabinose,2ng/mL_aTc,1mM_IPTG,2,1,wl1-attune1,Transcriptic,0.301919133,31310.14081,wc4-infinite1
ct1ascgv5waw6m,D9,sd2e-community/ingest/Q0/sd2.transcriptic.upload/Rule30/Run 02/01 SD2 Rule 30 Flow Branch (r1ascgv4jbpff)/Flow/SD30_10132017_SD30_10132017_Rule30Plate_D9.fcs,pAN1717,colony2-9,0mM_Larabinose,2ng/mL_aTc,1mM_IPTG,2,1,wl1-attune1,Transcriptic,0.437430563,27185.42962,wc4-infinite1
ct1ascgv5waw6m,D10,sd2e-community/ingest/Q0/sd2.transcriptic.upload/Rule30/Run 02/01 SD2 Rule 30 Flow Branch (r1ascgv4jbpff)/Flow/SD30_10132017_SD30_10132017_Rule30Plate_D10.fcs,pAN1717,colony2-10,0mM_Larabinose,2ng/mL_aTc,1mM_IPTG,2,1,wl1-attune1,Transcriptic,0.438604726,27836.05746,wc4-infinite1
ct1ascgv5waw6m,D11,sd2e-community/ingest/Q0/sd2.transcriptic.upload/Rule30/Run 02/01 SD2 Rule 30 Flow Branch (r1ascgv4jbpff)/Flow/SD30_10132017_SD30_10132017_Rule30Plate_D11.fcs,pAN1717,colony2-11,0mM_Larabinose,2ng/mL_aTc,1mM_IPTG,2,1,wl1-attune1,Transcriptic,0.384877779,22788.22894,wc4-infinite1
ct1ascgv5waw6m,E1,sd2e-community/ingest/Q0/sd2.transcriptic.upload/Rule30/Run 02/01 SD2 Rule 30 Flow Branch (r1ascgv4jbpff)/Flow/SD30_10132017_SD30_10132017_Rule30Plate_E1.fcs,pAN1201,colony2-1,5mM_Larabinose,0ng/mL_aTc,0mM_IPTG,2,1,wl1-attune1,Transcriptic,0.598987161,12173.28984,wc4-infinite1
ct1ascgv5waw6m,E2,sd2e-community/ingest/Q0/sd2.transcriptic.upload/Rule30/Run 02/01 SD2 Rule 30 Flow Branch (r1ascgv4jbpff)/Flow/SD30_10132017_SD30_10132017_Rule30Plate_E2.fcs,pAN1201,colony2-2,5mM_Larabinose,0ng/mL_aTc,0mM_IPTG,2,1,wl1-attune1,Transcriptic,0.408163032,9944.465135,wc4-infinite1
ct1ascgv5waw6m,E3,sd2e-community/ingest/Q0/sd2.transcriptic.upload/Rule30/Run 02/01 SD2 Rule 30 Flow Branch (r1ascgv4jbpff)/Flow/SD30_10132017_SD30_10132017_Rule30Plate_E3.fcs,pAN1201,colony2-3,5mM_Larabinose,0ng/mL_aTc,0mM_IPTG,2,1,wl1-attune1,Transcriptic,0.410693046,10373.03953,wc4-infinite1
ct1ascgv5waw6m,E4,sd2e-community/ingest/Q0/sd2.transcriptic.upload/Rule30/Run 02/01 SD2 Rule 30 Flow Branch (r1ascgv4jbpff)/Flow/SD30_10132017_SD30_10132017_Rule30Plate_E4.fcs,pAN3928+pAN4036,colony2-4,5mM_Larabinose,0ng/mL_aTc,0mM_IPTG,2,1,wl1-attune1,Transcriptic,0.258282335,13761.49405,wc4-infinite1
ct1ascgv5waw6m,E5,sd2e-community/ingest/Q0/sd2.transcriptic.upload/Rule30/Run 02/01 SD2 Rule 30 Flow Branch (r1ascgv4jbpff)/Flow/SD30_10132017_SD30_10132017_Rule30Plate_E5.fcs,pAN3928+pAN4036,colony2-5,5mM_Larabinose,0ng/mL_aTc,0mM_IPTG,2,1,wl1-attune1,Transcriptic,0.267890792,14110.60485,wc4-infinite1
ct1ascgv5waw6m,E6,sd2e-community/ingest/Q0/sd2.transcriptic.upload/Rule30/Run 02/01 SD2 Rule 30 Flow Branch (r1ascgv4jbpff)/Flow/SD30_10132017_SD30_10132017_Rule30Plate_E6.fcs,pAN3928+pAN4036,colony2-6,5mM_Larabinose,0ng/mL_aTc,0mM_IPTG,2,1,wl1-attune1,Transcriptic,0.247121988,12611.18879,wc4-infinite1
ct1ascgv5waw6m,E7,sd2e-community/ingest/Q0/sd2.transcriptic.upload/Rule30/Run 02/01 SD2 Rule 30 Flow Branch (r1ascgv4jbpff)/Flow/SD30_10132017_SD30_10132017_Rule30Plate_E7.fcs,pAN3928+pAN4036,colony2-7,5mM_Larabinose,0ng/mL_aTc,0mM_IPTG,2,1,wl1-attune1,Transcriptic,0.270831301,14495.15717,wc4-infinite1
ct1ascgv5waw6m,E8,sd2e-community/ingest/Q0/sd2.transcriptic.upload/Rule30/Run 02/01 SD2 Rule 30 Flow Branch (r1ascgv4jbpff)/Flow/SD30_10132017_SD30_10132017_Rule30Plate_E8.fcs,pAN3928+pAN4036,colony2-8,5mM_Larabinose,0ng/mL_aTc,0mM_IPTG,2,1,wl1-attune1,Transcriptic,0.27273513,14219.06961,wc4-infinite1
ct1ascgv5waw6m,E9,sd2e-community/ingest/Q0/sd2.transcriptic.upload/Rule30/Run 02/01 SD2 Rule 30 Flow Branch (r1ascgv4jbpff)/Flow/SD30_10132017_SD30_10132017_Rule30Plate_E9.fcs,pAN1717,colony2-9,5mM_Larabinose,0ng/mL_aTc,0mM_IPTG,2,1,wl1-attune1,Transcriptic,0.427472976,27252.31852,wc4-infinite1
ct1ascgv5waw6m,E10,sd2e-community/ingest/Q0/sd2.transcriptic.upload/Rule30/Run 02/01 SD2 Rule 30 Flow Branch (r1ascgv4jbpff)/Flow/SD30_10132017_SD30_10132017_Rule30Plate_E10.fcs,pAN1717,colony2-10,5mM_Larabinose,0ng/mL_aTc,0mM_IPTG,2,1,wl1-attune1,Transcriptic,0.400179283,25021.13756,wc4-infinite1
ct1ascgv5waw6m,E11,sd2e-community/ingest/Q0/sd2.transcriptic.upload/Rule30/Run 02/01 SD2 Rule 30 Flow Branch (r1ascgv4jbpff)/Flow/SD30_10132017_SD30_10132017_Rule30Plate_E11.fcs,pAN1717,colony2-11,5mM_Larabinose,0ng/mL_aTc,0mM_IPTG,2,1,wl1-attune1,Transcriptic,0.352286399,20837.55565,wc4-infinite1
ct1ascgv5waw6m,F1,sd2e-community/ingest/Q0/sd2.transcriptic.upload/Rule30/Run 02/01 SD2 Rule 30 Flow Branch (r1ascgv4jbpff)/Flow/SD30_10132017_SD30_10132017_Rule30Plate_F1.fcs,pAN1201,colony2-1,5mM_Larabinose,0ng/mL_aTc,1mM_IPTG,2,1,wl1-attune1,Transcriptic,0.544181752,11691.38082,wc4-infinite1
ct1ascgv5waw6m,F2,sd2e-community/ingest/Q0/sd2.transcriptic.upload/Rule30/Run 02/01 SD2 Rule 30 Flow Branch (r1ascgv4jbpff)/Flow/SD30_10132017_SD30_10132017_Rule30Plate_F2.fcs,pAN1201,colony2-2,5mM_Larabinose,0ng/mL_aTc,1mM_IPTG,2,1,wl1-attune1,Transcriptic,0.538024297,12867.9795,wc4-infinite1
ct1ascgv5waw6m,F3,sd2e-community/ingest/Q0/sd2.transcriptic.upload/Rule30/Run 02/01 SD2 Rule 30 Flow Branch (r1ascgv4jbpff)/Flow/SD30_10132017_SD30_10132017_Rule30Plate_F3.fcs,pAN1201,colony2-3,5mM_Larabinose,0ng/mL_aTc,1mM_IPTG,2,1,wl1-attune1,Transcriptic,0.400314766,10038.82677,wc4-infinite1
ct1ascgv5waw6m,F4,sd2e-community/ingest/Q0/sd2.transcriptic.upload/Rule30/Run 02/01 SD2 Rule 30 Flow Branch (r1ascgv4jbpff)/Flow/SD30_10132017_SD30_10132017_Rule30Plate_F4.fcs,pAN3928+pAN4036,colony2-4,5mM_Larabinose,0ng/mL_aTc,1mM_IPTG,2,1,wl1-attune1,Transcriptic,0.356207479,10380.82703,wc4-infinite1
ct1ascgv5waw6m,F5,sd2e-community/ingest/Q0/sd2.transcriptic.upload/Rule30/Run 02/01 SD2 Rule 30 Flow Branch (r1ascgv4jbpff)/Flow/SD30_10132017_SD30_10132017_Rule30Plate_F5.fcs,pAN3928+pAN4036,colony2-5,5mM_Larabinose,0ng/mL_aTc,1mM_IPTG,2,1,wl1-attune1,Transcriptic,0.366699886,10287.83502,wc4-infinite1
ct1ascgv5waw6m,F6,sd2e-community/ingest/Q0/sd2.transcriptic.upload/Rule30/Run 02/01 SD2 Rule 30 Flow Branch (r1ascgv4jbpff)/Flow/SD30_10132017_SD30_10132017_Rule30Plate_F6.fcs,pAN3928+pAN4036,colony2-6,5mM_Larabinose,0ng/mL_aTc,1mM_IPTG,2,1,wl1-attune1,Transcriptic,0.363357552,10253.50391,wc4-infinite1
ct1ascgv5waw6m,F7,sd2e-community/ingest/Q0/sd2.transcriptic.upload/Rule30/Run 02/01 SD2 Rule 30 Flow Branch (r1ascgv4jbpff)/Flow/SD30_10132017_SD30_10132017_Rule30Plate_F7.fcs,pAN3928+pAN4036,colony2-7,5mM_Larabinose,0ng/mL_aTc,1mM_IPTG,2,1,wl1-attune1,Transcriptic,0.389394314,10823.97259,wc4-infinite1
ct1ascgv5waw6m,F8,sd2e-community/ingest/Q0/sd2.transcriptic.upload/Rule30/Run 02/01 SD2 Rule 30 Flow Branch (r1ascgv4jbpff)/Flow/SD30_10132017_SD30_10132017_Rule30Plate_F8.fcs,pAN3928+pAN4036,colony2-8,5mM_Larabinose,0ng/mL_aTc,1mM_IPTG,2,1,wl1-attune1,Transcriptic,0.370668581,10127.05369,wc4-infinite1
ct1ascgv5waw6m,F9,sd2e-community/ingest/Q0/sd2.transcriptic.upload/Rule30/Run 02/01 SD2 Rule 30 Flow Branch (r1ascgv4jbpff)/Flow/SD30_10132017_SD30_10132017_Rule30Plate_F9.fcs,pAN1717,colony2-9,5mM_Larabinose,0ng/mL_aTc,1mM_IPTG,2,1,wl1-attune1,Transcriptic,0.400367017,25229.91207,wc4-infinite1
ct1ascgv5waw6m,F10,sd2e-community/ingest/Q0/sd2.transcriptic.upload/Rule30/Run 02/01 SD2 Rule 30 Flow Branch (r1ascgv4jbpff)/Flow/SD30_10132017_SD30_10132017_Rule30Plate_F10.fcs,pAN1717,colony2-10,5mM_Larabinose,0ng/mL_aTc,1mM_IPTG,2,1,wl1-attune1,Transcriptic,0.413179717,26515.37577,wc4-infinite1
ct1ascgv5waw6m,F11,sd2e-community/ingest/Q0/sd2.transcriptic.upload/Rule30/Run 02/01 SD2 Rule 30 Flow Branch (r1ascgv4jbpff)/Flow/SD30_10132017_SD30_10132017_Rule30Plate_F11.fcs,pAN1717,colony2-11,5mM_Larabinose,0ng/mL_aTc,1mM_IPTG,2,1,wl1-attune1,Transcriptic,0.507365807,28604.53593,wc4-infinite1
ct1ascgv5waw6m,G1,sd2e-community/ingest/Q0/sd2.transcriptic.upload/Rule30/Run 02/01 SD2 Rule 30 Flow Branch (r1ascgv4jbpff)/Flow/SD30_10132017_SD30_10132017_Rule30Plate_G1.fcs,pAN1201,colony2-1,5mM_Larabinose,2ng/mL_aTc,0mM_IPTG,2,1,wl1-attune1,Transcriptic,0.400328305,10259.15181,wc4-infinite1
ct1ascgv5waw6m,G2,sd2e-community/ingest/Q0/sd2.transcriptic.upload/Rule30/Run 02/01 SD2 Rule 30 Flow Branch (r1ascgv4jbpff)/Flow/SD30_10132017_SD30_10132017_Rule30Plate_G2.fcs,pAN1201,colony2-2,5mM_Larabinose,2ng/mL_aTc,0mM_IPTG,2,1,wl1-attune1,Transcriptic,0.398149963,9861.911716,wc4-infinite1
ct1ascgv5waw6m,G3,sd2e-community/ingest/Q0/sd2.transcriptic.upload/Rule30/Run 02/01 SD2 Rule 30 Flow Branch (r1ascgv4jbpff)/Flow/SD30_10132017_SD30_10132017_Rule30Plate_G3.fcs,pAN1201,colony2-3,5mM_Larabinose,2ng/mL_aTc,0mM_IPTG,2,1,wl1-attune1,Transcriptic,0.572237301,11786.66177,wc4-infinite1
ct1ascgv5waw6m,G4,sd2e-community/ingest/Q0/sd2.transcriptic.upload/Rule30/Run 02/01 SD2 Rule 30 Flow Branch (r1ascgv4jbpff)/Flow/SD30_10132017_SD30_10132017_Rule30Plate_G4.fcs,pAN3928+pAN4036,colony2-4,5mM_Larabinose,2ng/mL_aTc,0mM_IPTG,2,1,wl1-attune1,Transcriptic,0.228724945,5516.01918,wc4-infinite1
ct1ascgv5waw6m,G5,sd2e-community/ingest/Q0/sd2.transcriptic.upload/Rule30/Run 02/01 SD2 Rule 30 Flow Branch (r1ascgv4jbpff)/Flow/SD30_10132017_SD30_10132017_Rule30Plate_G5.fcs,pAN3928+pAN4036,colony2-5,5mM_Larabinose,2ng/mL_aTc,0mM_IPTG,2,1,wl1-attune1,Transcriptic,0.249969065,5754.185195,wc4-infinite1
ct1ascgv5waw6m,G6,sd2e-community/ingest/Q0/sd2.transcriptic.upload/Rule30/Run 02/01 SD2 Rule 30 Flow Branch (r1ascgv4jbpff)/Flow/SD30_10132017_SD30_10132017_Rule30Plate_G6.fcs,pAN3928+pAN4036,colony2-6,5mM_Larabinose,2ng/mL_aTc,0mM_IPTG,2,1,wl1-attune1,Transcriptic,0.270595517,6455.533963,wc4-infinite1
ct1ascgv5waw6m,G7,sd2e-community/ingest/Q0/sd2.transcriptic.upload/Rule30/Run 02/01 SD2 Rule 30 Flow Branch (r1ascgv4jbpff)/Flow/SD30_10132017_SD30_10132017_Rule30Plate_G7.fcs,pAN3928+pAN4036,colony2-7,5mM_Larabinose,2ng/mL_aTc,0mM_IPTG,2,1,wl1-attune1,Transcriptic,0.279296148,6740.755942,wc4-infinite1
ct1ascgv5waw6m,G8,sd2e-community/ingest/Q0/sd2.transcriptic.upload/Rule30/Run 02/01 SD2 Rule 30 Flow Branch (r1ascgv4jbpff)/Flow/SD30_10132017_SD30_10132017_Rule30Plate_G8.fcs,pAN3928+pAN4036,colony2-8,5mM_Larabinose,2ng/mL_aTc,0mM_IPTG,2,1,wl1-attune1,Transcriptic,0.261386477,6174.264375,wc4-infinite1
ct1ascgv5waw6m,G9,sd2e-community/ingest/Q0/sd2.transcriptic.upload/Rule30/Run 02/01 SD2 Rule 30 Flow Branch (r1ascgv4jbpff)/Flow/SD30_10132017_SD30_10132017_Rule30Plate_G9.fcs,pAN1717,colony2-9,5mM_Larabinose,2ng/mL_aTc,0mM_IPTG,2,1,wl1-attune1,Transcriptic,0.40118199,25538.49239,wc4-infinite1
ct1ascgv5waw6m,G10,sd2e-community/ingest/Q0/sd2.transcriptic.upload/Rule30/Run 02/01 SD2 Rule 30 Flow Branch (r1ascgv4jbpff)/Flow/SD30_10132017_SD30_10132017_Rule30Plate_G10.fcs,pAN1717,colony2-10,5mM_Larabinose,2ng/mL_aTc,0mM_IPTG,2,1,wl1-attune1,Transcriptic,0.40116787,24458.21996,wc4-infinite1
ct1ascgv5waw6m,G11,sd2e-community/ingest/Q0/sd2.transcriptic.upload/Rule30/Run 02/01 SD2 Rule 30 Flow Branch (r1ascgv4jbpff)/Flow/SD30_10132017_SD30_10132017_Rule30Plate_G11.fcs,pAN1717,colony2-11,5mM_Larabinose,2ng/mL_aTc,0mM_IPTG,2,1,wl1-attune1,Transcriptic,0.361214569,20985.20683,wc4-infinite1
ct1ascgv5waw6m,H1,sd2e-community/ingest/Q0/sd2.transcriptic.upload/Rule30/Run 02/01 SD2 Rule 30 Flow Branch (r1ascgv4jbpff)/Flow/SD30_10132017_SD30_10132017_Rule30Plate_H1.fcs,pAN1201,colony2-1,5mM_Larabinose,2ng/mL_aTc,1mM_IPTG,2,1,wl1-attune1,Transcriptic,0.668204147,11452.8786,wc4-infinite1
ct1ascgv5waw6m,H2,sd2e-community/ingest/Q0/sd2.transcriptic.upload/Rule30/Run 02/01 SD2 Rule 30 Flow Branch (r1ascgv4jbpff)/Flow/SD30_10132017_SD30_10132017_Rule30Plate_H2.fcs,pAN1201,colony2-2,5mM_Larabinose,2ng/mL_aTc,1mM_IPTG,2,1,wl1-attune1,Transcriptic,0.406533901,9856.257659,wc4-infinite1
ct1ascgv5waw6m,H3,sd2e-community/ingest/Q0/sd2.transcriptic.upload/Rule30/Run 02/01 SD2 Rule 30 Flow Branch (r1ascgv4jbpff)/Flow/SD30_10132017_SD30_10132017_Rule30Plate_H3.fcs,pAN1201,colony2-3,5mM_Larabinose,2ng/mL_aTc,1mM_IPTG,2,1,wl1-attune1,Transcriptic,0.556774306,11483.26847,wc4-infinite1
ct1ascgv5waw6m,H4,sd2e-community/ingest/Q0/sd2.transcriptic.upload/Rule30/Run 02/01 SD2 Rule 30 Flow Branch (r1ascgv4jbpff)/Flow/SD30_10132017_SD30_10132017_Rule30Plate_H4.fcs,pAN3928+pAN4036,colony2-4,5mM_Larabinose,2ng/mL_aTc,1mM_IPTG,2,1,wl1-attune1,Transcriptic,0.250013256,8574.236665,wc4-infinite1
ct1ascgv5waw6m,H5,sd2e-community/ingest/Q0/sd2.transcriptic.upload/Rule30/Run 02/01 SD2 Rule 30 Flow Branch (r1ascgv4jbpff)/Flow/SD30_10132017_SD30_10132017_Rule30Plate_H5.fcs,pAN3928+pAN4036,colony2-5,5mM_Larabinose,2ng/mL_aTc,1mM_IPTG,2,1,wl1-attune1,Transcriptic,0.264501116,8704.83134,wc4-infinite1
ct1ascgv5waw6m,H6,sd2e-community/ingest/Q0/sd2.transcriptic.upload/Rule30/Run 02/01 SD2 Rule 30 Flow Branch (r1ascgv4jbpff)/Flow/SD30_10132017_SD30_10132017_Rule30Plate_H6.fcs,pAN3928+pAN4036,colony2-6,5mM_Larabinose,2ng/mL_aTc,1mM_IPTG,2,1,wl1-attune1,Transcriptic,0.244665248,6992.161886,wc4-infinite1
ct1ascgv5waw6m,H7,sd2e-community/ingest/Q0/sd2.transcriptic.upload/Rule30/Run 02/01 SD2 Rule 30 Flow Branch (r1ascgv4jbpff)/Flow/SD30_10132017_SD30_10132017_Rule30Plate_H7.fcs,pAN3928+pAN4036,colony2-7,5mM_Larabinose,2ng/mL_aTc,1mM_IPTG,2,1,wl1-attune1,Transcriptic,0.254757643,7548.897918,wc4-infinite1
ct1ascgv5waw6m,H8,sd2e-community/ingest/Q0/sd2.transcriptic.upload/Rule30/Run 02/01 SD2 Rule 30 Flow Branch (r1ascgv4jbpff)/Flow/SD30_10132017_SD30_10132017_Rule30Plate_H8.fcs,pAN3928+pAN4036,colony2-8,5mM_Larabinose,2ng/mL_aTc,1mM_IPTG,2,1,wl1-attune1,Transcriptic,0.219913779,6087.658512,wc4-infinite1
ct1ascgv5waw6m,H9,sd2e-community/ingest/Q0/sd2.transcriptic.upload/Rule30/Run 02/01 SD2 Rule 30 Flow Branch (r1ascgv4jbpff)/Flow/SD30_10132017_SD30_10132017_Rule30Plate_H9.fcs,pAN1717,colony2-9,5mM_Larabinose,2ng/mL_aTc,1mM_IPTG,2,1,wl1-attune1,Transcriptic,0.584813142,30430.53326,wc4-infinite1
ct1ascgv5waw6m,H10,sd2e-community/ingest/Q0/sd2.transcriptic.upload/Rule30/Run 02/01 SD2 Rule 30 Flow Branch (r1ascgv4jbpff)/Flow/SD30_10132017_SD30_10132017_Rule30Plate_H10.fcs,pAN1717,colony2-10,5mM_Larabinose,2ng/mL_aTc,1mM_IPTG,2,1,wl1-attune1,Transcriptic,0.546079454,30082.87595,wc4-infinite1
ct1ascgv5waw6m,H11,sd2e-community/ingest/Q0/sd2.transcriptic.upload/Rule30/Run 02/01 SD2 Rule 30 Flow Branch (r1ascgv4jbpff)/Flow/SD30_10132017_SD30_10132017_Rule30Plate_H11.fcs,pAN1717,colony2-11,5mM_Larabinose,2ng/mL_aTc,1mM_IPTG,2,1,wl1-attune1,Transcriptic,0.35940552,20852.08677,wc4-infinite1
ct1ascgv5waw6m,A12,sd2e-community/ingest/Q0/sd2.transcriptic.upload/Rule30/Run 02/01 SD2 Rule 30 Flow Branch (r1ascgv4jbpff)/Flow/SD30_10132017_SD30_10132017_Rule30Plate_A12.fcs,Beads,Null,Null,Null,Null,2,1,wl1-attune1,Transcriptic,Null,Null,Null
ct1ascgv5waw6m,B12,sd2e-community/ingest/Q0/sd2.transcriptic.upload/Rule30/Run 02/01 SD2 Rule 30 Flow Branch (r1ascgv4jbpff)/Flow/SD30_10132017_SD30_10132017_Rule30Plate_B12.fcs,Beads,Null,Null,Null,Null,2,1,wl1-attune2,Transcriptic,Null,Null,Null
ct1ascgv5waw6m,C12,sd2e-community/ingest/Q0/sd2.transcriptic.upload/Rule30/Run 02/01 SD2 Rule 30 Flow Branch (r1ascgv4jbpff)/Flow/SD30_10132017_SD30_10132017_Rule30Plate_C12.fcs,Beads,Null,Null,Null,Null,2,1,wl1-attune3,Transcriptic,Null,Null,Null